Experiment, Avg Throughput (Gb/s), Std. Dev.
No Booster, 9.94508, 0.0270871482441
Passthrough, 4.01306, 0.0166942025865
FEC, 0.21062, 0.000821948903521
